Date;Open;High;Low;Close;Adj Close;Volume;Aktienkürzel
06.03.2023;256,429993;260,119995;255,979996;256,869995;254,778931;24109800;MSFT
07.03.2023;256,299988;257,690002;253,389999;254,149994;252,081085;21473200;MSFT
08.03.2023;254,039993;254,539993;250,809998;253,699997;251,634735;17340200;MSFT
09.03.2023;255,820007;259,559998;251,580002;252,320007;250,265991;26653400;MSFT
10.03.2023;251,080002;252,789993;247,600006;248,589996;246,56636;28333900;MSFT
13.03.2023;247,399994;257,910004;245,729996;253,919998;251,852966;33339700;MSFT
14.03.2023;256,75;261,070007;255,860001;260,790009;258,667053;33620300;MSFT
15.03.2023;259,980011;266,480011;259,209991;265,440002;263,279205;46028000;MSFT
16.03.2023;265,209991;276,559998;263,279999;276,200012;273,951599;54768800;MSFT
17.03.2023;278,26001;283,329987;276,320007;279,429993;277,155334;69527400;MSFT
20.03.2023;276,980011;277,480011;269,850006;272,230011;270,013916;43466600;MSFT
21.03.2023;274,880005;275;269,519989;273,779999;271,5513;34558700;MSFT
22.03.2023;273,399994;281,040009;272,179993;272,290009;270,073456;34873300;MSFT
23.03.2023;277,940002;281,059998;275,200012;277,660004;275,399719;36610900;MSFT
24.03.2023;277,23999;280,630005;275,279999;280,570007;278,286041;28172000;MSFT
27.03.2023;280,5;281,459991;275,519989;276,380005;274,130127;26840200;MSFT
28.03.2023;275,790009;276,140015;272,049988;275,230011;272,989502;21878600;MSFT
29.03.2023;278,959991;281,140015;278,410004;280,51001;278,226532;25087000;MSFT
30.03.2023;284,230011;284,459991;281,480011;284,049988;281,737671;25053400;MSFT
31.03.2023;283,730011;289,269989;283;288,299988;285,953064;32766000;MSFT
03.04.2023;286,519989;288,269989;283,950012;287,230011;284,891815;24883300;MSFT
04.04.2023;287,230011;290,450012;285,670013;287,179993;284,842194;25824300;MSFT
05.04.2023;285,850006;287,149994;282,920013;284,339996;282,02533;22064800;MSFT
06.04.2023;283,209991;292,079987;282,029999;291,600006;289,226227;29770300;MSFT
10.04.2023;289,209991;289,600006;284,709991;289,390015;287,034241;23103000;MSFT
11.04.2023;285,75;285,980011;281,640015;282,829987;280,527588;27276600;MSFT
12.04.2023;284,790009;287,01001;281,959991;283,48999;281,182251;27403400;MSFT
13.04.2023;283,589996;289,899994;283,170013;289,839996;287,48056;24222700;MSFT
14.04.2023;287;288,480011;283,690002;286,140015;283,810699;20987900;MSFT
17.04.2023;289,929993;291,600006;286,160004;288,799988;286,449036;23836200;MSFT
18.04.2023;291,570007;291,76001;287,01001;288,369995;286,022491;20161800;MSFT
19.04.2023;285,98999;289,049988;284,540009;288,450012;286,101898;17150300;MSFT
20.04.2023;285,25;289,029999;285,079987;286,109985;283,780914;23244400;MSFT
21.04.2023;285,01001;286,269989;283,059998;285,76001;283,433777;21676400;MSFT
24.04.2023;282,089996;284,950012;278,720001;281,769989;279,476227;26611000;MSFT
25.04.2023;279,51001;281,600006;275,369995;275,420013;273,177917;45772200;MSFT
26.04.2023;296,700012;299,570007;292,730011;295,369995;292,965546;64599200;MSFT
27.04.2023;295,970001;305,200012;295,25;304,829987;302,348541;46462600;MSFT
28.04.2023;304,01001;308,929993;303,309998;307,26001;304,758789;36446700;MSFT
01.05.2023;306,970001;308,600006;305,149994;305,559998;303,072571;21294100;MSFT
02.05.2023;307,76001;309,179993;303,910004;305,410004;302,923798;26404400;MSFT
03.05.2023;306,619995;308,609985;304,089996;304,399994;301,922028;22360800;MSFT
04.05.2023;306,23999;307,76001;303,399994;305,410004;302,923798;22519900;MSFT
05.05.2023;305,720001;311,970001;304,269989;310,649994;308,121155;28181200;MSFT
08.05.2023;310,130005;310,200012;306,089996;308,649994;306,137451;21318600;MSFT
09.05.2023;308;310,040009;306,309998;307;304,500854;21340800;MSFT
10.05.2023;308,619995;313;307,670013;312,309998;309,767609;30078000;MSFT
11.05.2023;310,100006;311,119995;306,26001;310,109985;307,585541;31680200;MSFT
12.05.2023;310,549988;310,649994;306,600006;308,970001;306,454865;19758100;MSFT
15.05.2023;309,100006;309,899994;307,589996;309,459991;306,940857;16336500;MSFT
16.05.2023;309,829987;313,709991;309,829987;311,73999;309,202301;26730300;MSFT
17.05.2023;312,290009;314,429993;310,73999;314;312,124725;24315000;MSFT
18.05.2023;314,529999;319,040009;313,720001;318,519989;316,617737;27276000;MSFT
19.05.2023;316,73999;318,75;316,369995;318,339996;316,438782;27529500;MSFT
22.05.2023;318,600006;322,589996;318,01001;321,179993;319,261871;24115700;MSFT
23.05.2023;320,029999;322,720001;315,25;315,26001;313,377228;30797200;MSFT
24.05.2023;314,730011;316,5;312,609985;313,850006;311,975616;23384900;MSFT
25.05.2023;323,23999;326,899994;320;325,920013;323,973572;43301700;MSFT
26.05.2023;324,019989;333,399994;323,880005;332,890015;330,901917;36630600;MSFT
30.05.2023;335,230011;335,73999;330,519989;331,209991;329,231934;29503100;MSFT
31.05.2023;332,290009;335,940002;327,329987;328,390015;326,428802;45950600;MSFT
01.06.2023;325,929993;333,529999;324,720001;332,579987;330,593719;26773900;MSFT
02.06.2023;334,25;337,5;332,549988;335,399994;333,396942;25864000;MSFT
05.06.2023;335,220001;338,559998;334,660004;335,940002;333,933716;21307100;MSFT
06.06.2023;335,329987;335,369995;332,170013;333,679993;331,687225;20396200;MSFT
07.06.2023;331,649994;334,48999;322,5;323,380005;321,44873;40717100;MSFT
08.06.2023;323,940002;326,640015;323,350006;325,26001;323,317474;23277700;MSFT
09.06.2023;324,98999;329,98999;324,410004;326,790009;324,838348;22514900;MSFT
12.06.2023;328,579987;332,100006;325,160004;331,850006;329,868134;24260300;MSFT
13.06.2023;334,470001;336,980011;330,390015;334,290009;332,293549;22951300;MSFT
14.06.2023;334,339996;339,040009;332,809998;337,339996;335,325317;26003800;MSFT
15.06.2023;337,480011;349,839996;337,200012;348,100006;346,021057;38899100;MSFT
16.06.2023;351,320007;351,470001;341,950012;342,329987;340,285492;46533600;MSFT
20.06.2023;339,309998;342,079987;335,859985;338,049988;336,031067;26375400;MSFT
21.06.2023;336,369995;337,730011;332,070007;333,559998;331,567902;25117800;MSFT
22.06.2023;334,119995;340,119995;333,339996;339,709991;337,681183;23556800;MSFT
23.06.2023;334,359985;337,959991;333,450012;335,019989;333,019196;23084700;MSFT
26.06.2023;333,720001;336,109985;328,48999;328,600006;326,637543;21520600;MSFT
27.06.2023;331,859985;336,149994;329,299988;334,570007;332,571899;24354100;MSFT
28.06.2023;334,660004;337,980011;333,809998;335,850006;333,844238;20259500;MSFT
29.06.2023;334,709991;336,109985;332,619995;335,049988;333,049011;16997000;MSFT
30.06.2023;337,75;342,730011;337,200012;340,540009;338,506226;26823800;MSFT
03.07.2023;339,190002;340,899994;336,570007;337,98999;335,971436;12508700;MSFT
05.07.2023;335,089996;341,649994;334,730011;338,149994;336,130463;18172400;MSFT
06.07.2023;337,299988;342,98999;335,5;341,269989;339,231842;28161200;MSFT
07.07.2023;339,320007;341,790009;337;337,220001;335,206024;21185300;MSFT
10.07.2023;334,600006;335,230011;327,589996;331,829987;329,848206;32791400;MSFT
11.07.2023;331,059998;332,859985;327;332,470001;330,484436;26698200;MSFT
12.07.2023;336,600006;341,649994;335,670013;337,200012;335,186188;29995300;MSFT
13.07.2023;339,559998;343,73999;339,019989;342,660004;340,613556;20567200;MSFT
14.07.2023;347,589996;351,429993;344,309998;345,23999;343,178131;28302200;MSFT
17.07.2023;345,679993;346,98999;342,200012;345,730011;343,665253;20363900;MSFT
18.07.2023;345,829987;366,779999;342,170013;359,48999;357,343048;64872700;MSFT
19.07.2023;361,75;362,459991;352,440002;355,079987;352,959381;39732900;MSFT
20.07.2023;353,570007;357,970001;345,369995;346,869995;344,798431;33778400;MSFT
21.07.2023;349,149994;350,299988;339,829987;343,769989;341,716919;69368900;MSFT
24.07.2023;345,850006;346,920013;342,309998;345,109985;343,048889;26678100;MSFT
25.07.2023;347,109985;351,890015;345,070007;350,980011;348,88385;41637700;MSFT
26.07.2023;341,440002;344,670013;333,109985;337,769989;335,752747;58383700;MSFT
27.07.2023;340,480011;341,329987;329,049988;330,720001;328,744904;39635300;MSFT
28.07.2023;333,670013;340,01001;333,170013;338,369995;336,349182;28484900;MSFT
31.07.2023;336,920013;337,700012;333,359985;335,920013;333,913818;25446000;MSFT
01.08.2023;335,190002;338,540009;333,700012;336,339996;334,331299;18311900;MSFT
02.08.2023;333,630005;333,630005;326,359985;327,5;325,544098;27761300;MSFT
03.08.2023;326;329,880005;325,950012;326,660004;324,709137;18253700;MSFT
04.08.2023;331,880005;335,140015;327,23999;327,779999;325,822388;23727700;MSFT
07.08.2023;328,369995;331,109985;327,519989;330,109985;328,138519;17741500;MSFT
08.08.2023;326,959991;328,75;323;326,049988;324,102753;22327600;MSFT
09.08.2023;326,470001;327,109985;321,049988;322,230011;320,305573;22373300;MSFT
10.08.2023;326,019989;328,26001;321,179993;322,929993;321,001404;20113700;MSFT
11.08.2023;320,26001;322,410004;319,209991;321,01001;319,092865;24342600;MSFT
14.08.2023;321,390015;324,059998;320,079987;324,040009;322,104767;18836100;MSFT
15.08.2023;323;325,089996;320,899994;321,859985;319,937775;16966300;MSFT
16.08.2023;320,799988;324,420013;319,799988;320,399994;319,160797;20698900;MSFT
17.08.2023;320,540009;321,869995;316,209991;316,880005;315,654449;21257200;MSFT
18.08.2023;314,48999;318,380005;311,549988;316,480011;315,255981;24744800;MSFT
21.08.2023;317,929993;322,769989;317,040009;321,880005;320,635071;24040000;MSFT
22.08.2023;325,5;326,079987;321,459991;322,459991;321,21283;16102000;MSFT
23.08.2023;323,820007;329,200012;323,459991;327;325,735291;21166400;MSFT
24.08.2023;332,850006;332,980011;319,959991;319,970001;318,732483;23281400;MSFT
25.08.2023;321,470001;325,359985;318,799988;322,980011;321,730835;21684100;MSFT
28.08.2023;325,660004;326,149994;321,720001;323,700012;322,448059;14808500;MSFT
29.08.2023;321,880005;328,980011;321,880005;328,410004;327,139832;19284600;MSFT
30.08.2023;328,670013;329,809998;326,450012;328,790009;327,518341;15222100;MSFT
31.08.2023;329,200012;330,910004;326,779999;327,76001;326,492371;26411000;MSFT
01.09.2023;331,309998;331,98999;326,779999;328,660004;327,388855;14931200;MSFT
05.09.2023;329;334,850006;328,660004;333,549988;332,259918;18553900;MSFT
06.09.2023;333,380005;334,459991;330,179993;332,880005;331,59256;17535800;MSFT
07.09.2023;331,290009;333,079987;329,029999;329,910004;328,634033;18381000;MSFT
08.09.2023;330,089996;336,160004;329,459991;334,269989;332,977142;19530100;MSFT
11.09.2023;337,23999;338,420013;335,429993;337,940002;336,632965;16583300;MSFT
12.09.2023;335,820007;336,790009;331,480011;331,769989;330,486816;17565500;MSFT
13.09.2023;331,309998;336,850006;331,170013;336,059998;334,760254;16544400;MSFT
14.09.2023;339,149994;340,859985;336,570007;338,700012;337,390045;20267000;MSFT
15.09.2023;336,920013;337,399994;329,649994;330,220001;328,942841;37666900;MSFT
18.09.2023;327,799988;330,399994;326,359985;329,059998;327,787323;16834200;MSFT
19.09.2023;326,170013;329,390015;324,51001;328,649994;327,378906;16505900;MSFT
20.09.2023;329,51001;329,589996;320,51001;320,769989;319,529358;21436500;MSFT
21.09.2023;319,26001;325,350006;315;319,529999;318,294159;35529500;MSFT
22.09.2023;321,320007;321,450012;316,149994;317,01001;315,783936;21447900;MSFT
25.09.2023;316,589996;317,670013;315;317,540009;316,31189;17836000;MSFT
26.09.2023;315,130005;315,880005;310,019989;312,140015;310,93277;26297600;MSFT
27.09.2023;312,299988;314,299988;309,690002;312,790009;311,580231;19410100;MSFT
28.09.2023;310,98999;315,480011;309,450012;313,640015;312,426971;19683600;MSFT
29.09.2023;317,75;319,470001;314,980011;315,75;314,528778;24140300;MSFT
02.10.2023;316,279999;321,890015;315,179993;321,799988;320,555389;20570000;MSFT
03.10.2023;320,829987;321,390015;311,209991;313,390015;312,177948;21033500;MSFT
04.10.2023;314,029999;320,040009;314;318,959991;317,726379;20720100;MSFT
05.10.2023;319,089996;319,980011;314,899994;319,359985;318,124817;16965600;MSFT
06.10.2023;316,549988;329,190002;316,299988;327,26001;325,994293;25645500;MSFT
09.10.2023;324,75;330,299988;323,179993;329,820007;328,544373;19891200;MSFT
10.10.2023;330,959991;331,100006;327,670013;328,390015;327,119934;20557100;MSFT
11.10.2023;331,209991;332,820007;329,140015;332,420013;331,134338;20063200;MSFT
12.10.2023;330,570007;333,630005;328,720001;331,160004;329,879181;19313100;MSFT
13.10.2023;332,380005;333,829987;326,359985;327,730011;326,462463;21072400;MSFT
16.10.2023;331,049988;336,140015;330,600006;332,640015;331,353455;22158000;MSFT
17.10.2023;329,589996;333,459991;327,410004;332,059998;330,775726;18338500;MSFT
18.10.2023;332,48999;335,589996;328,299988;330,109985;328,833252;23153600;MSFT
19.10.2023;332,149994;336,880005;330,910004;331,320007;330,038574;25052100;MSFT
20.10.2023;331,720001;331,920013;325,450012;326,670013;325,406586;25012600;MSFT
23.10.2023;325,470001;332,730011;324,390015;329,320007;328,046295;24374700;MSFT
24.10.2023;331,299988;331,839996;327,600006;330,529999;329,251617;31153600;MSFT
25.10.2023;345,019989;346,200012;337,619995;340,670013;339,352417;55053800;MSFT
26.10.2023;340,540009;341,630005;326,940002;327,890015;326,621857;37828500;MSFT
27.10.2023;330,429993;336,720001;328,399994;329,809998;328,534424;29856500;MSFT
30.10.2023;333,410004;339,450012;331,829987;337,309998;336,005402;22828100;MSFT
31.10.2023;338,850006;339;334,690002;338,109985;336,802307;20265300;MSFT
01.11.2023;339,790009;347,420013;339,649994;346,070007;344,731537;28158800;MSFT
02.11.2023;347,23999;348,829987;344,769989;348,320007;346,972839;24348100;MSFT
03.11.2023;349,630005;354,390015;347,329987;352,799988;351,435486;23624000;MSFT
06.11.2023;353,450012;357,540009;353,350006;356,529999;355,151093;23828300;MSFT
07.11.2023;359,399994;362,459991;357,630005;360,529999;359,13562;25833900;MSFT
08.11.2023;361,679993;363,869995;360,549988;363,200012;361,795288;26767800;MSFT
09.11.2023;362,299988;364,790009;360,359985;360,690002;359,294983;24847300;MSFT
10.11.2023;361,48999;370,100006;361,070007;369,670013;368,240265;28042100;MSFT
13.11.2023;368,220001;368,470001;365,899994;366,679993;365,26181;19986500;MSFT
14.11.2023;371,01001;371,950012;367,350006;370,269989;368,837891;27683900;MSFT
15.11.2023;371,279999;373,130005;367,109985;369,670013;368,987671;26860100;MSFT
16.11.2023;370,959991;376,350006;370,179993;376,170013;375,475677;27182300;MSFT
17.11.2023;373,609985;374,369995;367;369,850006;369,167328;40157000;MSFT
20.11.2023;371,220001;378,869995;371;377,440002;376,743317;52465100;MSFT
21.11.2023;375,670013;376,220001;371,119995;373,070007;372,381378;28423100;MSFT
22.11.2023;378;379,790009;374,970001;377,850006;377,152557;23345300;MSFT
24.11.2023;377,329987;377,970001;375,140015;377,429993;376,733307;10176600;MSFT
27.11.2023;376,779999;380,640015;376,200012;378,609985;377,911133;22179200;MSFT
28.11.2023;378,350006;383;378,160004;382,700012;381,993622;20453100;MSFT
29.11.2023;383,76001;384,299988;377,440002;378,850006;378,150696;28963400;MSFT
30.11.2023;378,48999;380,089996;375,470001;378,910004;378,210602;30554400;MSFT
01.12.2023;376,76001;378,160004;371,309998;374,51001;373,818726;33020400;MSFT
04.12.2023;369,100006;369,519989;362,899994;369,140015;368,458649;32063300;MSFT
05.12.2023;366,450012;373,079987;365,619995;372,519989;371,832367;23065000;MSFT
06.12.2023;373,540009;374,179993;368,029999;368,799988;368,119232;21182100;MSFT
07.12.2023;368,230011;371,450012;366,320007;370,950012;370,265289;23118900;MSFT
08.12.2023;369,200012;374,459991;368,230011;374,230011;373,539246;20144800;MSFT
11.12.2023;368,480011;371,600006;366,100006;371,299988;370,614624;27708800;MSFT
12.12.2023;370,850006;374,420013;370,459991;374,380005;373,688965;24838300;MSFT
13.12.2023;376,019989;377,640015;370,769989;374,369995;373,678955;30955500;MSFT
14.12.2023;373,309998;373,76001;364,130005;365,929993;365,254547;43277500;MSFT
15.12.2023;366,850006;372,399994;366,279999;370,730011;370,045715;78478200;MSFT
18.12.2023;369,450012;373;368,679993;372,649994;371,962128;21802900;MSFT
19.12.2023;371,48999;373,26001;369,839996;373,26001;372,571045;20603700;MSFT
20.12.2023;375;376,029999;370,529999;370,619995;369,935883;26316700;MSFT
21.12.2023;372,559998;374,410004;370,040009;373,540009;372,850525;17708000;MSFT
22.12.2023;373,679993;375,179993;372,709991;374,579987;373,88858;17091100;MSFT
26.12.2023;375;376,940002;373,5;374,660004;373,968445;12673100;MSFT
27.12.2023;373,690002;375,059998;372,809998;374,070007;373,379547;14905400;MSFT
28.12.2023;375,369995;376,459991;374,160004;375,279999;374,58728;14327000;MSFT
29.12.2023;376;377,160004;373,480011;376,040009;375,345886;18723000;MSFT
02.01.2024;373,859985;375,899994;366,769989;370,869995;370,185425;25258600;MSFT
03.01.2024;369,01001;373,26001;368,51001;370,600006;369,915924;23083500;MSFT
04.01.2024;370,670013;373,100006;367,170013;367,940002;367,260834;20901500;MSFT
05.01.2024;368,970001;372,059998;366,5;367,75;367,071198;20987000;MSFT
08.01.2024;369,299988;375,200012;369,01001;374,690002;373,998383;23134000;MSFT
09.01.2024;372,01001;375,98999;371,190002;375,790009;375,096375;20830000;MSFT
10.01.2024;376,369995;384,170013;376,320007;382,769989;382,063446;25514200;MSFT
11.01.2024;386;390,679993;380,380005;384,630005;383,920044;27850800;MSFT
12.01.2024;385,48999;388,679993;384,649994;388,470001;387,75296;21645700;MSFT
16.01.2024;393,660004;394,029999;387,619995;390,269989;389,549622;27202300;MSFT
17.01.2024;387,980011;390,109985;384,809998;389,470001;388,751099;22234100;MSFT
18.01.2024;391,720001;393,98999;390,119995;393,869995;393,142975;23392100;MSFT
19.01.2024;395,76001;398,670013;393,5;398,670013;397,934143;29272000;MSFT
22.01.2024;400,019989;400,619995;393,589996;396,51001;395,778107;27016900;MSFT
23.01.2024;395,75;399,380005;393,929993;398,899994;398,163696;20525900;MSFT
24.01.2024;401,540009;405,630005;400,450012;402,559998;401,816925;24867000;MSFT
25.01.2024;404,320007;407,01001;402,529999;404,869995;404,122681;21021200;MSFT
26.01.2024;404,369995;406,170013;402,429993;403,929993;403,184418;17803300;MSFT
29.01.2024;406,059998;409,980011;404,329987;409,720001;408,963715;24510200;MSFT
30.01.2024;412,26001;413,049988;406,450012;408,589996;407,835815;33477600;MSFT
31.01.2024;406,959991;415,320007;397,209991;397,579987;396,84613;47871100;MSFT
01.02.2024;401,829987;408;401,799988;403,779999;403,034698;30657700;MSFT
02.02.2024;403,809998;412,649994;403,559998;411,220001;410,460968;28245000;MSFT
05.02.2024;409,899994;411,160004;403,98999;405,649994;404,901245;25352300;MSFT
06.02.2024;405,880005;407,970001;402,910004;405,48999;404,741516;18382600;MSFT
07.02.2024;407,440002;414,299988;407,399994;414,049988;413,285706;22340500;MSFT
08.02.2024;414,049988;415,559998;412,529999;414,109985;413,345612;21225300;MSFT
09.02.2024;415,25;420,820007;415,089996;420,549988;419,773712;22032800;MSFT
12.02.2024;420,559998;420,73999;414,75;415,26001;414,4935;21202900;MSFT
13.02.2024;404,940002;410,070007;403,390015;406,320007;405,570007;27824900;MSFT
14.02.2024;408,070007;409,839996;404,570007;409,48999;409,48999;20401200;MSFT
15.02.2024;408,140015;409,130005;404,290009;406,559998;406,559998;21825500;MSFT
16.02.2024;407,959991;408,290009;403,440002;404,059998;404,059998;22281100;MSFT
20.02.2024;403,23999;404,48999;398,01001;402,790009;402,790009;24307900;MSFT
21.02.2024;400,170013;402,290009;397,220001;402,179993;402,179993;18631100;MSFT
22.02.2024;410,190002;412,829987;408,570007;411,649994;411,649994;27009900;MSFT
23.02.2024;415,670013;415,859985;408,970001;410,339996;410,339996;16295900;MSFT
26.02.2024;411,459991;412,160004;407,359985;407,540009;407,540009;16193500;MSFT
27.02.2024;407,98999;408,320007;403,850006;407,480011;407,480011;14835800;MSFT
28.02.2024;408,179993;409,299988;405,320007;407,720001;407,720001;13183100;MSFT
29.02.2024;408,640015;414,200012;405,920013;413,640015;413,640015;31947300;MSFT
01.03.2024;411,269989;415,869995;410,880005;415,5;415,5;17800300;MSFT
06.03.2023;15,54;15,7;15,445;15,7;15,549617;18127;RY4C
07.03.2023;15,6;15,75;15,415;15,415;15,267347;9162;RY4C
08.03.2023;15,325;15,535;15,21;15,415;15,267347;22677;RY4C
09.03.2023;15,3;15,3;14,96;15,275;15,128688;26703;RY4C
10.03.2023;14,765;15,015;14,655;15,01;14,866226;80457;RY4C
13.03.2023;14,91;14,91;14,385;14,79;14,648334;69464;RY4C
14.03.2023;14,665;14,99;14,55;14,85;14,707759;24048;RY4C
15.03.2023;14,785;14,825;14,05;14,28;14,143218;101180;RY4C
16.03.2023;14,5;14,525;14,085;14,405;14,267021;36541;RY4C
17.03.2023;14,36;14,47;13,965;14,04;13,905518;13082;RY4C
20.03.2023;13,915;14,47;13,63;14,47;14,331399;20413;RY4C
21.03.2023;14,425;14,99;14,425;14,975;14,831562;64828;RY4C
22.03.2023;14,96;15,025;14,875;14,96;14,816706;35367;RY4C
23.03.2023;14,96;14,96;14,735;14,82;14,678046;22817;RY4C
24.03.2023;14,615;14,64;14,1;14,185;14,049129;56407;RY4C
27.03.2023;14,5;14,525;14,295;14,32;14,182836;10839;RY4C
28.03.2023;14,525;14,525;14,235;14,33;14,192739;36905;RY4C
29.03.2023;14,38;14,71;14,38;14,7;14,559196;33207;RY4C
30.03.2023;14,88;14,885;14,625;14,74;14,598812;33375;RY4C
31.03.2023;14,86;14,99;14,765;14,93;14,786993;12688;RY4C
03.04.2023;14,78;14,78;14,25;14,44;14,301685;85005;RY4C
04.04.2023;14,51;14,645;14,385;14,435;14,296735;45409;RY4C
05.04.2023;14,375;14,45;14,105;14,24;14,103601;85577;RY4C
06.04.2023;14,215;14,35;14,17;14,285;14,14817;15923;RY4C
11.04.2023;14,53;14,645;14,38;14,52;14,38092;47815;RY4C
12.04.2023;14,52;14,52;14,265;14,375;14,237309;11837;RY4C
13.04.2023;14,375;14,625;14,28;14,395;14,257117;16357;RY4C
14.04.2023;14,455;14,5;14,265;14,485;14,346254;22580;RY4C
17.04.2023;14,51;14,84;14,51;14,84;14,697855;68579;RY4C
18.04.2023;15;15,075;14,925;14,96;14,816706;20993;RY4C
19.04.2023;15,01;15,04;14,9;14,94;14,796896;97978;RY4C
20.04.2023;14,97;15,05;14,835;14,9;14,757279;14256;RY4C
21.04.2023;14,735;15;14,685;14,85;14,707759;8828;RY4C
24.04.2023;14,85;15,105;14,835;14,915;14,772137;58469;RY4C
25.04.2023;14,86;15,02;14,805;14,805;14,66319;15015;RY4C
26.04.2023;14,825;14,825;14,47;14,55;14,410633;43780;RY4C
27.04.2023;14,45;14,89;14,45;14,62;14,479961;74183;RY4C
28.04.2023;14,69;14,9;14,575;14,86;14,717663;40621;RY4C
02.05.2023;15,11;15,375;15,07;15,135;14,990029;38210;RY4C
03.05.2023;15,165;15,165;14,755;14,905;14,762232;19822;RY4C
04.05.2023;14,93;14,93;14,49;14,605;14,465105;24091;RY4C
05.05.2023;14,79;14,94;14,66;14,94;14,796896;19504;RY4C
08.05.2023;14,955;15,13;14,875;15,13;14,985077;13127;RY4C
09.05.2023;15,245;15,7;15,14;15,67;15,519904;41068;RY4C
10.05.2023;15,74;15,85;15,55;15,725;15,574378;63881;RY4C
11.05.2023;15,815;15,83;15,62;15,735;15,584282;13460;RY4C
12.05.2023;15,57;15,725;15,52;15,7;15,549617;19981;RY4C
15.05.2023;15,735;15,77;15,5;15,77;15,618947;20548;RY4C
16.05.2023;15,75;16;15,75;15,99;15,836839;9852;RY4C
17.05.2023;15,965;16,379999;15,89;16,34;16,183487;52063;RY4C
18.05.2023;16,575001;16,684999;16,190001;16,215;16,059685;34925;RY4C
19.05.2023;16,225;16,33;15,59;15,71;15,559522;21142;RY4C
22.05.2023;15,755;16,120001;15,755;15,965;15,812079;39873;RY4C
23.05.2023;16,01;16,745001;15,925;16,745001;16,584608;59846;RY4C
24.05.2023;16,504999;16,629999;16,26;16,559999;16,401379;51515;RY4C
25.05.2023;16,665001;16,875;16,549999;16,719999;16,559847;29356;RY4C
26.05.2023;16,844999;16,99;16,549999;16,99;16,827261;94003;RY4C
29.05.2023;16,84;16,84;16,684999;16,74;16,579655;26951;RY4C
30.05.2023;16,639999;16,705;16,530001;16,555;16,396427;47235;RY4C
31.05.2023;16,434999;16,655001;16,35;16,57;16,411283;20867;RY4C
01.06.2023;16,59;16,700001;16,5;16,67;16,510326;14808;RY4C
02.06.2023;16,790001;17;16,764999;17;16,837166;35435;RY4C
05.06.2023;16,844999;16,959999;16,764999;16,945;16,782692;25930;RY4C
06.06.2023;16,870001;16,870001;16,6;16,745001;16,584608;15625;RY4C
07.06.2023;16,75;16,9;16,530001;16,9;16,738123;40559;RY4C
08.06.2023;16,790001;16,950001;16,709999;16,905001;16,743076;10188;RY4C
09.06.2023;16,84;16,924999;16,715;16,815001;16,653938;25741;RY4C
12.06.2023;16,91;16,99;16,84;16,99;16,827261;15089;RY4C
13.06.2023;16,950001;17,129999;16,860001;16,965;16,8025;26589;RY4C
14.06.2023;16,965;17,049999;16,785;16,865;16,703459;19194;RY4C
15.06.2023;16,83;16,834999;16,605;16,655001;16,49547;37359;RY4C
16.06.2023;16,715;17;16,65;16,969999;16,807451;17624;RY4C
19.06.2023;16,84;16,855;16,575001;16,82;16,65889;20179;RY4C
20.06.2023;16,6;16,6;16,34;16,485001;16,327099;29901;RY4C
21.06.2023;16,415001;16,754999;16,41;16,65;16,490517;14724;RY4C
22.06.2023;16,59;16,709999;16,485001;16,690001;16,530134;13463;RY4C
23.06.2023;16,68;16,68;15,99;16,254999;16,0993;49946;RY4C
26.06.2023;16,26;16,405001;16,094999;16,27;16,114159;13515;RY4C
27.06.2023;16,32;16,584999;16,209999;16,555;16,396427;12022;RY4C
28.06.2023;16,764999;17,055;16,754999;16,995001;16,832214;54960;RY4C
29.06.2023;16,950001;17,295;16,885;17,18;17,015442;98960;RY4C
30.06.2023;17,23;17,360001;17,129999;17,290001;17,124388;56464;RY4C
03.07.2023;17,33;17,395;17,1;17,24;17,074865;35159;RY4C
04.07.2023;17,360001;17,360001;17,190001;17,35;17,183813;9203;RY4C
05.07.2023;17,225;17,35;17,174999;17,35;17,183813;8660;RY4C
06.07.2023;17,125;17,125;16,48;16,615;16,455853;22276;RY4C
07.07.2023;16,495001;16,785;16,370001;16,785;16,624224;23361;RY4C
10.07.2023;16,645;16,985001;16,645;16,83;16,668793;12062;RY4C
11.07.2023;16,995001;17,165001;16,860001;17;16,837166;15247;RY4C
12.07.2023;16,870001;17,195;16,690001;16,690001;16,530134;12901;RY4C
13.07.2023;16,795;17,139999;16,655001;16,870001;16,70841;24128;RY4C
14.07.2023;16,76;16,895;16,66;16,76;16,599464;17379;RY4C
17.07.2023;16,995001;17,049999;16,719999;16,85;16,688602;25829;RY4C
18.07.2023;16,83;16,93;16,665001;16,665001;16,505375;17859;RY4C
19.07.2023;16,65;17,004999;16,65;16,73;16,569752;13016;RY4C
20.07.2023;16,895;16,895;16,355;16,530001;16,371668;96267;RY4C
21.07.2023;16,549999;16,754999;16,525;16,684999;16,525181;49515;RY4C
24.07.2023;17,075001;17,075001;15,44;15,66;15,51;98113;RY4C
25.07.2023;15,985;16,25;15,78;15,9;15,747701;41877;RY4C
26.07.2023;15,945;16,26;15,905;16,049999;15,896264;55012;RY4C
27.07.2023;16,004999;16,18;15,765;16;15,846744;34670;RY4C
28.07.2023;16,004999;16,08;15,765;15,915;15,762558;18280;RY4C
31.07.2023;15,915;16;15,825;15,86;15,708084;7312;RY4C
01.08.2023;16,245001;16,245001;15,76;15,8;15,64866;19833;RY4C
02.08.2023;15,75;15,925;15,455;15,68;15,529809;31786;RY4C
03.08.2023;15,8;15,8;15,145;15,7;15,549617;40409;RY4C
04.08.2023;15,945;16,195;15,935;16,065001;15,911121;45967;RY4C
07.08.2023;16,08;16,264999;15,975;16,08;15,925977;22735;RY4C
08.08.2023;16,15;16,15;15,88;16,049999;15,896264;18576;RY4C
09.08.2023;16,245001;16,245001;15,715;15,715;15,564473;12058;RY4C
10.08.2023;15,85;16,105;15,85;15,92;15,76751;8809;RY4C
11.08.2023;15,99;15,99;15,785;15,815;15,663515;5392;RY4C
14.08.2023;15,915;15,98;15,85;15,885;15,732845;9430;RY4C
15.08.2023;16,1;16,105;15,725;15,74;15,589233;13553;RY4C
16.08.2023;15,76;15,9;15,75;15,86;15,708084;4204;RY4C
17.08.2023;15,945;15,945;15,675;15,675;15,524857;10520;RY4C
18.08.2023;15,7;15,7;15,465;15,56;15,410958;20335;RY4C
21.08.2023;15,535;15,8;15,535;15,675;15,524857;11866;RY4C
22.08.2023;15,735;15,81;15,7;15,795;15,643707;5774;RY4C
23.08.2023;15,875;15,875;15,7;15,8;15,64866;4179;RY4C
24.08.2023;15,95;16,065001;15,86;15,9;15,747701;7761;RY4C
25.08.2023;15,685;15,85;15,64;15,66;15,51;5232;RY4C
28.08.2023;15,795;15,81;15,5;15,5;15,351533;8927;RY4C
29.08.2023;15,845;15,915;15,79;15,83;15,678371;38577;RY4C
30.08.2023;15,72;16,07;15,7;15,91;15,757606;24151;RY4C
31.08.2023;15,925;16,5;15,895;16,15;15,995306;41567;RY4C
01.09.2023;16,200001;16,315001;16,139999;16,165001;16,010164;26629;RY4C
04.09.2023;16,084999;16,445;16,040001;16,15;15,995306;46606;RY4C
05.09.2023;16,23;16,295;16;16,295;16,138918;6752;RY4C
06.09.2023;16,014999;16,120001;15,91;15,92;15,76751;6171;RY4C
07.09.2023;15,84;15,94;15,79;15,795;15,643707;4410;RY4C
08.09.2023;15,795;15,87;15,7;15,795;15,643707;10071;RY4C
11.09.2023;15,875;15,905;15,51;15,89;15,737798;5686;RY4C
12.09.2023;15,855;16,705;15,855;16,535;16,376619;38248;RY4C
13.09.2023;16,48;16,52;16,26;16,434999;16,277576;32018;RY4C
14.09.2023;16,35;16,375;16,02;16,33;16,173582;20384;RY4C
15.09.2023;16,504999;16,690001;16,4;16,625;16,465757;41038;RY4C
18.09.2023;16,549999;16,549999;16,275;16,309999;16,153774;13426;RY4C
19.09.2023;16,299999;16,535;16,27;16,370001;16,2132;15273;RY4C
20.09.2023;16,540001;16,73;16,41;16,68;16,520231;23300;RY4C
21.09.2023;16,455;16,51;16,040001;16,25;16,094349;27950;RY4C
22.09.2023;16,280001;16,315001;15,98;16,315001;16,158728;23105;RY4C
25.09.2023;16,325001;16,325001;15,7;15,825;15,67342;9865;RY4C
26.09.2023;15,915;15,96;15,695;15,96;15,807127;52258;RY4C
27.09.2023;15,74;16;15,69;15,925;15,772462;30791;RY4C
28.09.2023;15,735;15,915;15,375;15,915;15,762558;16846;RY4C
29.09.2023;16;16,1;15,83;15,865;15,713037;19982;RY4C
02.10.2023;16,014999;16,1;15,785;16;15,846744;18032;RY4C
03.10.2023;15,705;15,825;15,485;15,68;15,529809;12709;RY4C
04.10.2023;15,415;15,58;15,355;15,565;15,41591;31183;RY4C
05.10.2023;15,715;16,094999;15,665;16,094999;15,940833;14793;RY4C
06.10.2023;15,85;16,295;15,845;16,02;15,866552;23169;RY4C
09.10.2023;15,565;15,71;15,315;15,61;15,460479;29611;RY4C
10.10.2023;15,67;15,94;15,65;15,94;15,787318;17620;RY4C
11.10.2023;15,835;15,935;15,635;15,905;15,752653;20661;RY4C
12.10.2023;15,845;15,945;15,545;15,605;15,455526;35106;RY4C
13.10.2023;15,5;15,625;15,01;15,105;14,960316;57004;RY4C
16.10.2023;15,225;15,245;15;15,18;15,034598;23158;RY4C
17.10.2023;15,205;15,27;14,88;15,27;15,123736;17425;RY4C
18.10.2023;14,9;15,055;14,54;14,605;14,465105;31082;RY4C
19.10.2023;14,41;14,93;14,41;14,5;14,361112;30993;RY4C
20.10.2023;14,51;14,56;14,24;14,31;14,172932;22712;RY4C
23.10.2023;14,46;14,52;14,365;14,45;14,31159;23461;RY4C
24.10.2023;14,475;14,645;14,465;14,48;14,341303;12430;RY4C
25.10.2023;14,5;14,5;14,25;14,315;14,177883;15419;RY4C
26.10.2023;14,195;14,345;14;14,345;14,207597;13562;RY4C
27.10.2023;14,345;14,59;13,97;14,59;14,45025;32009;RY4C
30.10.2023;14,565;14,565;14,27;14,44;14,301685;7338;RY4C
31.10.2023;14,405;14,53;14,185;14,255;14,118458;21796;RY4C
01.11.2023;14,3;14,81;14,17;14,81;14,668142;11216;RY4C
02.11.2023;14,74;15,155;14,705;14,97;14,82661;18515;RY4C
03.11.2023;14,885;15,26;14,84;15,15;15,004885;31111;RY4C
06.11.2023;16;16,450001;15,925;16,01;15,856648;76016;RY4C
07.11.2023;16,049999;16,485001;15,99;16,485001;16,327099;49104;RY4C
08.11.2023;16,5;16,815001;16,43;16,780001;16,619272;68834;RY4C
09.11.2023;16,76;17,1;16,68;16,99;16,827261;30292;RY4C
10.11.2023;16,74;16,879999;16,565001;16,879999;16,718313;18547;RY4C
13.11.2023;16,825001;16,905001;16,469999;16,905001;16,743076;34355;RY4C
14.11.2023;16,809999;17,075001;16,719999;17,075001;16,911448;52168;RY4C
15.11.2023;17,184999;17,620001;17,075001;17,525;17,357136;326391;RY4C
16.11.2023;17,615;17,690001;17,205;17,51;17,342279;58091;RY4C
17.11.2023;17,530001;17,610001;17,440001;17,495001;17,327425;22672;RY4C
20.11.2023;17,700001;17,700001;17,209999;17,365;17,198669;10276;RY4C
21.11.2023;17,555;17,555;17,32;17,32;17,1541;25639;RY4C
22.11.2023;17,375;17,610001;17,309999;17,405001;17,238287;20103;RY4C
23.11.2023;17,51;17,51;17,200001;17,275;17,109531;24023;RY4C
24.11.2023;17,405001;17,495001;17,305;17,370001;17,203621;11217;RY4C
27.11.2023;17,370001;17,370001;17,094999;17,23;17,064962;13194;RY4C
28.11.2023;17,280001;17,535;17,25;17,434999;17,267998;17809;RY4C
29.11.2023;17,469999;17,65;17,469999;17,584999;17,416561;12651;RY4C
30.11.2023;17,52;17,68;17,459999;17,610001;17,441322;13638;RY4C
01.12.2023;17,834999;18,025;17,764999;18;17,827587;63308;RY4C
04.12.2023;18,025;18,219999;17,92;18,129999;17,956341;28954;RY4C
05.12.2023;18,07;18,145;17,924999;18,1;17,926628;23545;RY4C
06.12.2023;18,190001;18,465;18,120001;18,465;18,288134;12568;RY4C
07.12.2023;18,49;18,665001;18,32;18,665001;18,486217;19581;RY4C
08.12.2023;18,66;18,754999;18,4;18,690001;18,510979;27768;RY4C
11.12.2023;18,690001;18,690001;18,235001;18,325001;18,149475;30816;RY4C
12.12.2023;18,195;18,594999;18,184999;18,549999;18,372318;47255;RY4C
13.12.2023;18,775;18,799999;18,275;18,389999;18,21385;28837;RY4C
14.12.2023;18,93;19;18,405001;18,780001;18,600117;48626;RY4C
15.12.2023;19;19;18,58;18,875;18,694206;36968;RY4C
18.12.2023;18,695;18,795;18,6;18,700001;18,520882;10967;RY4C
19.12.2023;18,799999;19,004999;18,715;19;18,818008;16412;RY4C
20.12.2023;18,969999;19,1;18,83;19,065001;18,882385;30848;RY4C
21.12.2023;18,975;19,190001;18,85;19,190001;19,006189;12362;RY4C
22.12.2023;19,174999;19,27;18,9;19,084999;18,902193;24197;RY4C
27.12.2023;19,33;19,475;19,09;19,295;19,110182;26665;RY4C
28.12.2023;19,434999;19,5;19,174999;19,370001;19,184465;29027;RY4C
29.12.2023;19,309999;19,370001;19,030001;19,030001;18,847721;8396;RY4C
02.01.2024;19,190001;19,245001;19,07;19,08;18,897242;13841;RY4C
03.01.2024;19,030001;19,030001;18,049999;18,299999;18,124712;51723;RY4C
04.01.2024;18,135;18,375;18,120001;18,365;18,189091;69700;RY4C
05.01.2024;18,135;18,535;17,855;18,535;18,357462;101692;RY4C
08.01.2024;18,065001;18,450001;18,014999;18,42;18,243563;29884;RY4C
09.01.2024;18,415001;18,459999;18,190001;18,225;18,050432;22371;RY4C
10.01.2024;18,25;18,334999;18,094999;18,094999;17,921677;10163;RY4C
11.01.2024;18,165001;18,440001;18,094999;18,440001;18,263372;32942;RY4C
12.01.2024;18,42;18,450001;18;18,105;17,93158;22885;RY4C
15.01.2024;18,215;18,355;18,174999;18,355;18,179186;22948;RY4C
16.01.2024;18,25;18,25;17,945;18,01;17,83749;36491;RY4C
17.01.2024;17,99;18,27;17,799999;18,27;18,095001;39206;RY4C
18.01.2024;18,135;18,23;17,965;18,184999;18,184999;6713;RY4C
19.01.2024;18,370001;18,405001;17,93;18,014999;18,014999;14246;RY4C
22.01.2024;18,195;18,295;18,120001;18,219999;18,219999;36149;RY4C
23.01.2024;18,27;18,395;18,165001;18,32;18,32;23988;RY4C
24.01.2024;18,66;18,795;18,540001;18,709999;18,709999;22091;RY4C
25.01.2024;18,57;18,965;18,514999;18,764999;18,764999;26391;RY4C
26.01.2024;18,68;18,875;18,540001;18,695;18,695;35304;RY4C
29.01.2024;18,174999;19,594999;18,045;19,5;19,5;121169;RY4C
30.01.2024;19,594999;19,74;19,355;19,530001;19,530001;29694;RY4C
31.01.2024;19,395;19,42;19,07;19,315001;19,315001;42507;RY4C
01.02.2024;19,275;19,645;19,275;19,549999;19,549999;23121;RY4C
02.02.2024;19,665001;19,940001;19,665001;19,91;19,91;35975;RY4C
05.02.2024;19,91;19,91;19,51;19,58;19,58;26694;RY4C
06.02.2024;19,59;19,799999;19,455;19,725;19,725;17981;RY4C
07.02.2024;19,674999;19,955;19,645;19,879999;19,879999;42154;RY4C
08.02.2024;19,99;20,379999;19,99;20,16;20,16;13694;RY4C
09.02.2024;20,16;20,16;19,93;20,02;20,02;5325;RY4C
12.02.2024;19,985001;20,049999;19,834999;19,98;19,98;17823;RY4C
13.02.2024;19,934999;20,16;19,93;20,16;20,16;7077;RY4C
14.02.2024;20,08;20,120001;19,84;19,99;19,99;12750;RY4C
15.02.2024;20,110001;20,530001;20,02;20,18;20,18;27340;RY4C
16.02.2024;20,200001;20,27;20,07;20,17;20,17;15769;RY4C
19.02.2024;20,17;20,26;19,995001;20,26;20,26;6604;RY4C
20.02.2024;20,26;20,26;19,940001;20,110001;20,110001;15073;RY4C
21.02.2024;20,120001;20,299999;20,049999;20,190001;20,190001;8017;RY4C
22.02.2024;20,35;20,450001;20,15;20,290001;20,290001;10597;RY4C
23.02.2024;20,190001;20,49;20,040001;20,379999;20,379999;7228;RY4C
26.02.2024;20,48;20,73;20,379999;20,41;20,41;20495;RY4C
27.02.2024;20,4;20,540001;20,309999;20,5;20,5;16525;RY4C
28.02.2024;20,559999;20,559999;20,16;20,370001;20,370001;11448;RY4C
29.02.2024;20,139999;20,25;19,945;20,120001;20,120001;15886;RY4C
01.03.2024;20,120001;20,120001;19,834999;19,885;19,885;27404;RY4C
06.03.2023;198,539993;198,600006;192,300003;193,809998;193,809998;128100100;TSLA
07.03.2023;191,380005;194,199997;186,100006;187,710007;187,710007;148125800;TSLA
08.03.2023;185,039993;186,5;180;182;182;151897800;TSLA
09.03.2023;180,25;185,179993;172,509995;172,919998;172,919998;170023800;TSLA
10.03.2023;175,130005;178,289993;168,440002;173,440002;173,440002;191488900;TSLA
13.03.2023;167,460007;177,350006;163,910004;174,479996;174,479996;167790300;TSLA
14.03.2023;177,309998;183,800003;177,139999;183,259995;183,259995;143717900;TSLA
15.03.2023;180,800003;182,339996;176,029999;180,449997;180,449997;145995600;TSLA
16.03.2023;180,369995;185,809998;178,839996;184,130005;184,130005;121136800;TSLA
17.03.2023;184,520004;186,220001;177,330002;180,130005;180,130005;133197100;TSLA
20.03.2023;178,080002;186,440002;176,350006;183,25;183,25;129684400;TSLA
21.03.2023;188,279999;198;188,039993;197,580002;197,580002;153391400;TSLA
22.03.2023;199,300003;200,660004;190,949997;191,149994;191,149994;150376400;TSLA
23.03.2023;195,259995;199,309998;188,649994;192,220001;192,220001;144193900;TSLA
24.03.2023;191,649994;192,360001;187,149994;190,410004;190,410004;116312400;TSLA
27.03.2023;194,419998;197,389999;189,940002;191,809998;191,809998;120851600;TSLA
28.03.2023;192;192,350006;185,429993;189,190002;189,190002;98654600;TSLA
29.03.2023;193,130005;195,289993;189,440002;193,880005;193,880005;123660000;TSLA
30.03.2023;195,580002;197,330002;194,419998;195,279999;195,279999;110252200;TSLA
31.03.2023;197,529999;207,789993;197,199997;207,460007;207,460007;170222100;TSLA
03.04.2023;199,910004;202,690002;192,199997;194,770004;194,770004;169545900;TSLA
04.04.2023;197,320007;198,740005;190,320007;192,580002;192,580002;126463800;TSLA
05.04.2023;190,520004;190,679993;183,759995;185,520004;185,520004;133882500;TSLA
06.04.2023;183,080002;186,389999;179,740005;185,059998;185,059998;123857900;TSLA
10.04.2023;179,940002;185,100006;176,110001;184,509995;184,509995;142154600;TSLA
11.04.2023;186,690002;189,190002;185,649994;186,789993;186,789993;115770900;TSLA
12.04.2023;190,740005;191,580002;180,309998;180,539993;180,539993;150256300;TSLA
13.04.2023;182,960007;186,5;180,940002;185,899994;185,899994;112933000;TSLA
14.04.2023;183,949997;186,279999;182,009995;185;185;96438700;TSLA
17.04.2023;186,320007;189,690002;182,690002;187,039993;187,039993;116662200;TSLA
18.04.2023;187,149994;187,690002;183,580002;184,309998;184,309998;92067000;TSLA
19.04.2023;179,100006;183,5;177,649994;180,589996;180,589996;125732700;TSLA
20.04.2023;166,169998;169,699997;160,559998;162,990005;162,990005;210970800;TSLA
21.04.2023;164,800003;166;161,320007;165,080002;165,080002;123539000;TSLA
24.04.2023;164,649994;165,649994;158,610001;162,550003;162,550003;140006600;TSLA
25.04.2023;159,820007;163,470001;158,75;160,669998;160,669998;121999300;TSLA
26.04.2023;160,289993;160,669998;153,139999;153,75;153,75;153364100;TSLA
27.04.2023;152,639999;160,479996;152,369995;160,190002;160,190002;127015200;TSLA
28.04.2023;160,899994;165;157,320007;164,309998;164,309998;122515800;TSLA
01.05.2023;163,169998;163,279999;158,830002;161,830002;161,830002;109015000;TSLA
02.05.2023;161,880005;165,490005;158,929993;160,309998;160,309998;128259700;TSLA
03.05.2023;160,009995;165;159,910004;160,610001;160,610001;119728000;TSLA
04.05.2023;162,710007;162,949997;159,649994;161,199997;161,199997;95108500;TSLA
05.05.2023;163,970001;170,789993;163,509995;170,059998;170,059998;107440900;TSLA
08.05.2023;173,720001;173,800003;169,190002;171,789993;171,789993;112249400;TSLA
09.05.2023;168,949997;169,820007;166,559998;169,149994;169,149994;88965000;TSLA
10.05.2023;172,550003;174,429993;166,679993;168,539993;168,539993;119840700;TSLA
11.05.2023;168,699997;173,570007;166,789993;172,080002;172,080002;103889900;TSLA
12.05.2023;176,070007;177,380005;167,229996;167,979996;167,979996;157577100;TSLA
15.05.2023;167,660004;169,759995;164,550003;166,350006;166,350006;105592500;TSLA
16.05.2023;165,649994;169,520004;164,350006;166,520004;166,520004;98288800;TSLA
17.05.2023;168,410004;174,5;167,190002;173,860001;173,860001;125473600;TSLA
18.05.2023;174,220001;177,059998;172,449997;176,889999;176,889999;109520300;TSLA
19.05.2023;177,169998;181,949997;176,309998;180,139999;180,139999;136024200;TSLA
22.05.2023;180,699997;189,320007;180,110001;188,869995;188,869995;132001400;TSLA
23.05.2023;186,199997;192,960007;185,259995;185,770004;185,770004;156952100;TSLA
24.05.2023;182,229996;184,220001;178,220001;182,899994;182,899994;137605100;TSLA
25.05.2023;186,539993;186,779999;180,580002;184,470001;184,470001;96870700;TSLA
26.05.2023;184,619995;198,600006;184,529999;193,169998;193,169998;162061500;TSLA
30.05.2023;200,100006;204,479996;197,529999;201,160004;201,160004;128818700;TSLA
31.05.2023;199,779999;203,949997;195,119995;203,929993;203,929993;150711700;TSLA
01.06.2023;202,589996;209,800003;199,369995;207,520004;207,520004;148029900;TSLA
02.06.2023;210,149994;217,25;209,75;213,970001;213,970001;164129000;TSLA
05.06.2023;217,800003;221,289993;214,520004;217,610001;217,610001;151143100;TSLA
06.06.2023;216,139999;221,910004;212,529999;221,309998;221,309998;146911600;TSLA
07.06.2023;228;230,830002;223,199997;224,570007;224,570007;185710800;TSLA
08.06.2023;224,220001;235,229996;223,009995;234,860001;234,860001;164489700;TSLA
09.06.2023;249,070007;252,419998;242,020004;244,399994;244,399994;199882300;TSLA
12.06.2023;247,940002;250,970001;244,589996;249,830002;249,830002;150337900;TSLA
13.06.2023;253,509995;259,679993;251,339996;258,709991;258,709991;162384300;TSLA
14.06.2023;260,170013;261,570007;250,5;256,790009;256,790009;170575500;TSLA
15.06.2023;248,399994;258,950012;247,289993;255,899994;255,899994;160171200;TSLA
16.06.2023;258,920013;263,600006;257,209991;260,540009;260,540009;167563700;TSLA
20.06.2023;261,5;274,75;261,119995;274,450012;274,450012;165611200;TSLA
21.06.2023;275,130005;276,98999;257,779999;259,459991;259,459991;211797100;TSLA
22.06.2023;250,770004;265;248,25;264,609985;264,609985;166875900;TSLA
23.06.2023;259,290009;262,450012;252,800003;256,600006;256,600006;176584100;TSLA
26.06.2023;250,070007;258,369995;240,699997;241,050003;241,050003;179990600;TSLA
27.06.2023;243,240005;250,389999;240,850006;250,210007;250,210007;164968200;TSLA
28.06.2023;249,699997;259,880005;248,889999;256,23999;256,23999;159770800;TSLA
29.06.2023;258,029999;260,73999;253,610001;257,5;257,5;131283400;TSLA
30.06.2023;260,600006;264,450012;259,890015;261,769989;261,769989;112267600;TSLA
03.07.2023;276,48999;284,25;275,109985;279,820007;279,820007;119685900;TSLA
05.07.2023;278,820007;283,850006;277,600006;282,480011;282,480011;131530900;TSLA
06.07.2023;278,089996;279,970001;272,880005;276,540009;276,540009;120332100;TSLA
07.07.2023;278,429993;280,779999;273,769989;274,429993;274,429993;113602000;TSLA
10.07.2023;276,470001;277,519989;265,100006;269,609985;269,609985;119425400;TSLA
11.07.2023;268,649994;270,899994;266,369995;269,790009;269,790009;91972400;TSLA
12.07.2023;276,329987;276,519989;271,459991;271,98999;271,98999;95672100;TSLA
13.07.2023;274,589996;279,450012;270,600006;277,899994;277,899994;112681500;TSLA
14.07.2023;277,01001;285,299988;276,309998;281,380005;281,380005;119771100;TSLA
17.07.2023;286,630005;292,230011;283,570007;290,380005;290,380005;131569600;TSLA
18.07.2023;290,149994;295,26001;286,01001;293,339996;293,339996;112434700;TSLA
19.07.2023;296,040009;299,290009;289,519989;291,26001;291,26001;142355400;TSLA
20.07.2023;279,559998;280,929993;261,200012;262,899994;262,899994;175158300;TSLA
21.07.2023;268;268;255,800003;260,019989;260,019989;161050100;TSLA
24.07.2023;255,850006;269,850006;254,119995;269,059998;269,059998;136508500;TSLA
25.07.2023;272,380005;272,899994;265;265,279999;265,279999;112757300;TSLA
26.07.2023;263,25;268,040009;261,75;264,350006;264,350006;95856200;TSLA
27.07.2023;268,309998;269,130005;255,300003;255,710007;255,710007;103697300;TSLA
28.07.2023;259,859985;267,25;258,230011;266,440002;266,440002;111446000;TSLA
31.07.2023;267,480011;269,079987;263,779999;267,429993;267,429993;84582200;TSLA
01.08.2023;266,26001;266,470001;260,25;261,070007;261,070007;83166000;TSLA
02.08.2023;255,570007;259,519989;250,490005;254,110001;254,110001;101752900;TSLA
03.08.2023;252,039993;260,48999;252;259,320007;259,320007;97569100;TSLA
04.08.2023;260,970001;264,769989;253,110001;253,860001;253,860001;99242600;TSLA
07.08.2023;251,449997;253,649994;242,759995;251,449997;251,449997;111097900;TSLA
08.08.2023;247,449997;250,919998;245,009995;249,699997;249,699997;96642200;TSLA
09.08.2023;250,869995;251,100006;241,899994;242,190002;242,190002;101596300;TSLA
10.08.2023;245,399994;251,800003;243;245,339996;245,339996;109498600;TSLA
11.08.2023;241,770004;243,789993;238,020004;242,649994;242,649994;98866600;TSLA
14.08.2023;235,699997;240,660004;233,75;239,759995;239,759995;98595300;TSLA
15.08.2023;238,729996;240,5;232,610001;232,960007;232,960007;88197600;TSLA
16.08.2023;228,020004;233,970001;225,380005;225,600006;225,600006;112484500;TSLA
17.08.2023;226,059998;226,740005;218,830002;219,220001;219,220001;120718400;TSLA
18.08.2023;214,119995;217,580002;212,360001;215,490005;215,490005;135813700;TSLA
21.08.2023;221,550003;232,130005;220,580002;231,279999;231,279999;135702700;TSLA
22.08.2023;240,25;240,820007;229,550003;233,190002;233,190002;130597900;TSLA
23.08.2023;229,339996;238,979996;229,289993;236,860001;236,860001;101077600;TSLA
24.08.2023;238,660004;238,919998;228,179993;230,039993;230,039993;99777400;TSLA
25.08.2023;231,309998;239;230,350006;238,589996;238,589996;106612200;TSLA
28.08.2023;242,580002;244,380005;235,350006;238,820007;238,820007;107673700;TSLA
29.08.2023;238,580002;257,480011;237,770004;257,179993;257,179993;134047600;TSLA
30.08.2023;254,199997;260,51001;250,589996;256,899994;256,899994;121988400;TSLA
31.08.2023;255,979996;261,179993;255,050003;258,079987;258,079987;108861700;TSLA
01.09.2023;257,26001;259,079987;242,009995;245,009995;245,009995;132272500;TSLA
05.09.2023;245;258;244,860001;256,48999;256,48999;129469600;TSLA
06.09.2023;255,139999;255,389999;245,059998;251,919998;251,919998;116959800;TSLA
07.09.2023;245,070007;252,809998;243,270004;251,490005;251,490005;115312900;TSLA
08.09.2023;251,220001;256,519989;246,669998;248,5;248,5;118367700;TSLA
11.09.2023;264,269989;274,850006;260,609985;273,579987;273,579987;174667900;TSLA
12.09.2023;270,76001;278,390015;266,600006;267,480011;267,480011;135999900;TSLA
13.09.2023;270,070007;274,980011;268,100006;271,299988;271,299988;111673700;TSLA
14.09.2023;271,320007;276,709991;270,420013;276,040009;276,040009;107709800;TSLA
15.09.2023;277,549988;278,980011;271;274,390015;274,390015;133422800;TSLA
18.09.2023;271,160004;271,440002;263,76001;265,279999;265,279999;101543300;TSLA
19.09.2023;264,350006;267,850006;261,200012;266,5;266,5;103704000;TSLA
20.09.2023;267,040009;273,929993;262,459991;262,589996;262,589996;122514600;TSLA
21.09.2023;257,850006;260,859985;254,210007;255,699997;255,699997;119531000;TSLA
22.09.2023;257,399994;257,790009;244,479996;244,880005;244,880005;127524100;TSLA
25.09.2023;243,380005;247,100006;238,309998;246,990005;246,990005;104636600;TSLA
26.09.2023;242,979996;249,550003;241,660004;244,119995;244,119995;101993600;TSLA
27.09.2023;244,259995;245,330002;234,580002;240,5;240,5;136597200;TSLA
28.09.2023;240,020004;247,550003;238,649994;246,380005;246,380005;117058900;TSLA
29.09.2023;250;254,770004;246,350006;250,220001;250,220001;128346200;TSLA
02.10.2023;244,809998;254,279999;242,619995;251,600006;251,600006;123810400;TSLA
03.10.2023;248,610001;250,020004;244,449997;246,529999;246,529999;101985300;TSLA
04.10.2023;248,139999;261,859985;247,600006;261,160004;261,160004;129721600;TSLA
05.10.2023;260;263,600006;256,25;260,049988;260,049988;119159200;TSLA
06.10.2023;253,979996;261,649994;250,649994;260,529999;260,529999;117947000;TSLA
09.10.2023;255,309998;261,359985;252,050003;259,670013;259,670013;101377900;TSLA
10.10.2023;257,75;268,940002;257,649994;263,619995;263,619995;122656000;TSLA
11.10.2023;266,200012;268,600006;260,899994;262,98999;262,98999;103706300;TSLA
12.10.2023;262,920013;265,410004;256,630005;258,869995;258,869995;111508100;TSLA
13.10.2023;258,899994;259,600006;250,220001;251,119995;251,119995;102073800;TSLA
16.10.2023;250,050003;255,399994;248,479996;253,919998;253,919998;88917200;TSLA
17.10.2023;250,100006;257,179993;247,080002;254,850006;254,850006;93562900;TSLA
18.10.2023;252,699997;254,630005;242,080002;242,679993;242,679993;125147800;TSLA
19.10.2023;225,949997;230,610001;216,779999;220,110001;220,110001;170772700;TSLA
20.10.2023;217,009995;218,860001;210,419998;211,990005;211,990005;137734000;TSLA
23.10.2023;210;216,979996;202,509995;212,080002;212,080002;150683400;TSLA
24.10.2023;216,5;222,050003;214,110001;216,520004;216,520004;118231100;TSLA
25.10.2023;215,880005;220,100006;212,199997;212,419998;212,419998;107065100;TSLA
26.10.2023;211,320007;214,800003;204,880005;205,759995;205,759995;115112600;TSLA
27.10.2023;210,600006;212,410004;205,770004;207,300003;207,300003;94881200;TSLA
30.10.2023;209,279999;210,880005;194,669998;197,360001;197,360001;136448200;TSLA
31.10.2023;196,119995;202,800003;194,070007;200,839996;200,839996;118068300;TSLA
01.11.2023;204,039993;205,990005;197,850006;205,660004;205,660004;121661700;TSLA
02.11.2023;212,970001;219,199997;211,449997;218,509995;218,509995;125987600;TSLA
03.11.2023;221,149994;226,369995;218,399994;219,960007;219,960007;119281000;TSLA
06.11.2023;223,979996;226,320007;215;219,270004;219,270004;117335800;TSLA
07.11.2023;219,979996;223,119995;215,720001;222,179993;222,179993;116900100;TSLA
08.11.2023;223,149994;224,149994;217,639999;222,110001;222,110001;106584800;TSLA
09.11.2023;219,75;220,800003;206,679993;209,979996;209,979996;142110500;TSLA
10.11.2023;210,029999;215,380005;205,690002;214,649994;214,649994;130994000;TSLA
13.11.2023;215,600006;225,399994;211,610001;223,710007;223,710007;140447600;TSLA
14.11.2023;235,029999;238,139999;230,720001;237,410004;237,410004;149771600;TSLA
15.11.2023;239,289993;246,699997;236,449997;242,839996;242,839996;150354000;TSLA
16.11.2023;239,490005;240,880005;230,960007;233,589996;233,589996;136816800;TSLA
17.11.2023;232;237,389999;226,539993;234,300003;234,300003;142532800;TSLA
20.11.2023;234,039993;237,100006;231,020004;235,600006;235,600006;116320100;TSLA
21.11.2023;235,039993;243,619995;233,339996;241,199997;241,199997;122288000;TSLA
22.11.2023;242,039993;244,009995;231,399994;234,210007;234,210007;117950600;TSLA
24.11.2023;233,75;238,75;232,330002;235,449997;235,449997;65125200;TSLA
27.11.2023;236,889999;238,330002;232,100006;236,080002;236,080002;112031800;TSLA
28.11.2023;236,679993;247;234,009995;246,720001;246,720001;148549900;TSLA
29.11.2023;249,210007;252,75;242,759995;244,139999;244,139999;135401300;TSLA
30.11.2023;245,139999;245,220001;236,910004;240,080002;240,080002;132353200;TSLA
01.12.2023;233,139999;240,190002;231,899994;238,830002;238,830002;121173500;TSLA
04.12.2023;235,75;239,369995;233,289993;235,580002;235,580002;104099800;TSLA
05.12.2023;233,869995;246,660004;233,699997;238,720001;238,720001;137971100;TSLA
06.12.2023;242,919998;246,570007;239,169998;239,369995;239,369995;126436200;TSLA
07.12.2023;241,550003;244,080002;236,979996;242,639999;242,639999;107142300;TSLA
08.12.2023;240,270004;245,270004;239,270004;243,839996;243,839996;102980100;TSLA
11.12.2023;242,740005;243,440002;237,449997;239,740005;239,740005;97913900;TSLA
12.12.2023;238,550003;238,990005;233,869995;237,009995;237,009995;95328300;TSLA
13.12.2023;234,190002;240,300003;228,199997;239,289993;239,289993;146286300;TSLA
14.12.2023;241,220001;253,880005;240,789993;251,050003;251,050003;160829200;TSLA
15.12.2023;251,210007;254,130005;248,300003;253,5;253,5;135720800;TSLA
18.12.2023;253,779999;258,73999;251,360001;252,080002;252,080002;116416500;TSLA
19.12.2023;253,479996;258,339996;253,009995;257,220001;257,220001;106737400;TSLA
20.12.2023;256,410004;259,839996;247;247,139999;247,139999;125097000;TSLA
21.12.2023;251,899994;254,800003;248,550003;254,5;254,5;109594200;TSLA
22.12.2023;256,76001;258,220001;251,369995;252,539993;252,539993;93249800;TSLA
26.12.2023;254,490005;257,970001;252,910004;256,609985;256,609985;86892400;TSLA
27.12.2023;258,350006;263,339996;257,519989;261,440002;261,440002;106494400;TSLA
28.12.2023;263,660004;265,130005;252,710007;253,179993;253,179993;113619900;TSLA
29.12.2023;255,100006;255,190002;247,429993;248,479996;248,479996;100615300;TSLA
02.01.2024;250,080002;251,25;244,410004;248,419998;248,419998;104654200;TSLA
03.01.2024;244,979996;245,679993;236,320007;238,449997;238,449997;121082600;TSLA
04.01.2024;239,25;242,699997;237,729996;237,929993;237,929993;102629300;TSLA
05.01.2024;236,860001;240,119995;234,899994;237,490005;237,490005;92379400;TSLA
08.01.2024;236,139999;241,25;235,300003;240,449997;240,449997;85166600;TSLA
09.01.2024;238,110001;238,960007;232,039993;234,960007;234,960007;96705700;TSLA
10.01.2024;235,100006;235,5;231,289993;233,940002;233,940002;91628500;TSLA
11.01.2024;230,570007;230,929993;225,369995;227,220001;227,220001;105873600;TSLA
12.01.2024;220,080002;225,339996;217,149994;218,889999;218,889999;122889000;TSLA
16.01.2024;215,100006;223,490005;212,179993;219,910004;219,910004;115355000;TSLA
17.01.2024;214,860001;215,669998;212,009995;215,550003;215,550003;103164400;TSLA
18.01.2024;216,880005;217,449997;208,740005;211,880005;211,880005;108595400;TSLA
19.01.2024;209,990005;213,190002;207,559998;212,190002;212,190002;102095800;TSLA
22.01.2024;212,259995;217,800003;206,270004;208,800003;208,800003;117952500;TSLA
23.01.2024;211,300003;215,649994;207,75;209,139999;209,139999;106605900;TSLA
24.01.2024;211,880005;212,729996;206,770004;207,830002;207,830002;123369900;TSLA
25.01.2024;189,699997;193;180,059998;182,630005;182,630005;198076800;TSLA
26.01.2024;185,5;186,779999;182,100006;183,25;183,25;107343200;TSLA
29.01.2024;185,630005;191,479996;183,669998;190,929993;190,929993;125013100;TSLA
30.01.2024;195,330002;196,360001;190,610001;191,589996;191,589996;109982300;TSLA
31.01.2024;187;193,970001;185,850006;187,289993;187,289993;103221400;TSLA
01.02.2024;188,5;189,880005;184,279999;188,860001;188,860001;91843300;TSLA
02.02.2024;185,039993;188,690002;182;187,910004;187,910004;110505100;TSLA
05.02.2024;184,259995;184,679993;175,009995;181,059998;181,059998;134294400;TSLA
06.02.2024;177,210007;186,490005;177,110001;185,100006;185,100006;122676000;TSLA
07.02.2024;188,179993;189,789993;182,679993;187,580002;187,580002;111535200;TSLA
08.02.2024;189;191,619995;185,580002;189,559998;189,559998;83034000;TSLA
09.02.2024;190,179993;194,119995;189,479996;193,570007;193,570007;84476300;TSLA
12.02.2024;192,110001;194,729996;187,279999;188,130005;188,130005;95498600;TSLA
13.02.2024;183,990005;187,259995;182,110001;184,020004;184,020004;86759500;TSLA
14.02.2024;185,300003;188,889999;183,350006;188,710007;188,710007;81203000;TSLA
15.02.2024;189,160004;200,880005;188,860001;200,449997;200,449997;120831800;TSLA
16.02.2024;202,059998;203,169998;197,399994;199,949997;199,949997;111173600;TSLA
20.02.2024;196,130005;198,600006;189,130005;193,759995;193,759995;104545800;TSLA
21.02.2024;193,360001;199,440002;191,949997;194,770004;194,770004;103844000;TSLA
22.02.2024;194;198,320007;191,360001;197,410004;197,410004;92739500;TSLA
23.02.2024;195,309998;197,570007;191,5;191,970001;191,970001;78841900;TSLA
26.02.2024;192,289993;201,779999;192;199,399994;199,399994;111747100;TSLA
27.02.2024;204,039993;205,600006;198,259995;199,729996;199,729996;108645400;TSLA
28.02.2024;200,419998;205,300003;198,440002;202,039993;202,039993;99806200;TSLA
29.02.2024;204,179993;205,279999;198,449997;201,880005;201,880005;85907000;TSLA
01.03.2024;200,520004;204,520004;198,5;202,639999;202,639999;82099200;TSLA
06.03.2023;85,400002;85,400002;84;85;80,780594;1851;PKTM
07.03.2023;83,900002;84,900002;83;83;78,879883;1065;PKTM
08.03.2023;83,599998;83,599998;82;83,5;79,355064;602;PKTM
09.03.2023;83,599998;83,599998;82;82;77,92952;72;PKTM
10.03.2023;83,099998;84,099998;82;84,099998;79,92527;1867;PKTM
13.03.2023;84,400002;84,400002;81,5;81,5;77,454338;1555;PKTM
14.03.2023;82,199997;84,5;82,199997;84,5;80,30542;331;PKTM
15.03.2023;83,699997;83,699997;80,599998;81,199997;77,169228;2054;PKTM
16.03.2023;79,199997;82;79,199997;82;77,92952;861;PKTM
17.03.2023;80,900002;81,199997;78,900002;78,900002;74,983398;1711;PKTM
20.03.2023;79;80;78;79,099998;75,17347;931;PKTM
21.03.2023;79,199997;80;78,599998;79;75,078438;2340;PKTM
22.03.2023;80;80,099998;79,199997;79,199997;75,268509;36;PKTM
23.03.2023;80,199997;81,199997;80;80;76,028793;1461;PKTM
24.03.2023;79;79,599998;78;79,599998;75,648659;563;PKTM
27.03.2023;79,5;80,099998;79;80,099998;76,123833;875;PKTM
28.03.2023;79,699997;79,800003;79;79;75,078438;239;PKTM
29.03.2023;79;79;79;79;75,078438;0;PKTM
30.03.2023;79,800003;79,800003;79,699997;79,699997;75,74369;110;PKTM
31.03.2023;78,699997;79,599998;78,599998;79,599998;75,648659;402;PKTM
03.04.2023;79,800003;79,800003;78,800003;78,800003;74,888367;195;PKTM
04.04.2023;79,800003;80;78,599998;78,599998;74,698296;507;PKTM
05.04.2023;78,599998;79,599998;78,599998;79,599998;75,648659;169;PKTM
06.04.2023;78,400002;78,599998;77,800003;78,599998;74,698296;139;PKTM
11.04.2023;79,599998;80,599998;78,800003;79,599998;75,648659;255;PKTM
12.04.2023;80,199997;80,199997;79;79;75,078438;101;PKTM
13.04.2023;79,400002;79,400002;79,199997;79,199997;75,268509;8;PKTM
14.04.2023;80;80,199997;79,599998;80;76,028793;109;PKTM
17.04.2023;81;81,599998;79,800003;80,599998;76,599014;284;PKTM
18.04.2023;81;81;80;80,599998;76,599014;445;PKTM
19.04.2023;81,400002;81,400002;79,400002;79,400002;75,458588;193;PKTM
20.04.2023;79,800003;80,199997;79,199997;79,199997;75,268509;66;PKTM
21.04.2023;79,800003;81,199997;79,800003;81,199997;77,169228;50;PKTM
24.04.2023;79,199997;79,199997;78,800003;79;76,974358;159;PKTM
25.04.2023;79,599998;79,599998;78;78;76;722;PKTM
26.04.2023;78;78,400002;77,800003;78,400002;76,389748;467;PKTM
27.04.2023;78,400002;78,400002;77,599998;77,599998;75,610252;112;PKTM
28.04.2023;78,400002;78,400002;77;77;75,025642;248;PKTM
02.05.2023;78;78;76,599998;78;76;419;PKTM
03.05.2023;77;77,800003;76;77,800003;77,800003;540;PKTM
04.05.2023;76,400002;76,400002;76;76;76;174;PKTM
05.05.2023;76;76;75,400002;75,400002;75,400002;443;PKTM
08.05.2023;77;78,199997;76,800003;78,199997;78,199997;366;PKTM
09.05.2023;77,400002;77,400002;76;76,800003;76,800003;77;PKTM
10.05.2023;76,199997;77,199997;75,800003;77,199997;77,199997;158;PKTM
11.05.2023;76,199997;76,800003;75,199997;76,800003;76,800003;227;PKTM
12.05.2023;76,599998;76,599998;75;76,599998;76,599998;600;PKTM
15.05.2023;75,599998;76;74,599998;76;76;1045;PKTM
16.05.2023;76,599998;76,599998;75,599998;75,599998;75,599998;67;PKTM
17.05.2023;75,400002;75,400002;75,199997;75,199997;75,199997;21;PKTM
18.05.2023;75,199997;75,199997;75;75;75;7;PKTM
19.05.2023;75,199997;77,199997;75,199997;77,199997;77,199997;329;PKTM
22.05.2023;76,199997;77,400002;75,599998;77,400002;77,400002;652;PKTM
23.05.2023;77,400002;77,800003;77,400002;77,800003;77,800003;58;PKTM
24.05.2023;75,599998;76;75,400002;75,400002;75,400002;199;PKTM
25.05.2023;76,199997;76,400002;75,800003;75,800003;75,800003;46;PKTM
26.05.2023;75,800003;75,800003;75,800003;75,800003;75,800003;0;PKTM
29.05.2023;75,800003;75,800003;75,800003;75,800003;75,800003;0;PKTM
30.05.2023;76,800003;77,800003;76,800003;77,800003;77,800003;188;PKTM
31.05.2023;77,199997;77,199997;75,599998;76,800003;76,800003;145;PKTM
01.06.2023;75,599998;75,599998;75,599998;75,599998;75,599998;20;PKTM
02.06.2023;75,400002;75,400002;73,800003;73,800003;73,800003;469;PKTM
05.06.2023;74,599998;75,599998;74,599998;75,599998;75,599998;234;PKTM
06.06.2023;76,400002;76,400002;75;76,400002;76,400002;576;PKTM
07.06.2023;75,599998;76,800003;75,199997;76,800003;76,800003;113;PKTM
08.06.2023;75,800003;75,800003;75;75;75;220;PKTM
09.06.2023;74,400002;75,400002;74,400002;75,400002;75,400002;54;PKTM
12.06.2023;75,199997;76,800003;74,800003;76,400002;76,400002;439;PKTM
13.06.2023;75,400002;75,400002;73,599998;75;75;359;PKTM
14.06.2023;74;75,800003;74;75,800003;75,800003;365;PKTM
15.06.2023;75,599998;76,199997;75,599998;76,199997;76,199997;154;PKTM
16.06.2023;76,800003;76,800003;75;75;75;472;PKTM
19.06.2023;77,400002;78,199997;77,400002;77,400002;77,400002;764;PKTM
20.06.2023;77;77;75,800003;75,800003;75,800003;292;PKTM
21.06.2023;76,199997;76,400002;75,400002;75,400002;75,400002;318;PKTM
22.06.2023;75;76;75;75;75;125;PKTM
23.06.2023;74,599998;74,599998;73,199997;73,199997;73,199997;255;PKTM
26.06.2023;73,400002;74,599998;73,400002;74,400002;74,400002;117;PKTM
27.06.2023;75;76;75;75,199997;75,199997;229;PKTM
28.06.2023;76;76;75,199997;75,199997;75,199997;860;PKTM
29.06.2023;76,599998;76,599998;76,199997;76,199997;76,199997;228;PKTM
30.06.2023;76,599998;78;76,599998;77,400002;77,400002;1187;PKTM
03.07.2023;77,400002;78,199997;77;78,199997;78,199997;604;PKTM
04.07.2023;77,400002;78,199997;77,400002;78,199997;78,199997;204;PKTM
05.07.2023;78,199997;78,199997;74,800003;75,199997;75,199997;765;PKTM
06.07.2023;76,199997;77;76;76;76;159;PKTM
07.07.2023;76,400002;78,199997;76,400002;78,199997;78,199997;148;PKTM
10.07.2023;77,199997;77,199997;76,199997;77,199997;77,199997;259;PKTM
11.07.2023;77,800003;79,199997;76,599998;78,400002;78,400002;1861;PKTM
12.07.2023;78,400002;78,400002;77,599998;78,400002;78,400002;166;PKTM
13.07.2023;78,599998;79,800003;78;79,800003;79,800003;1651;PKTM
14.07.2023;79,199997;79,599998;78;79,599998;79,599998;221;PKTM
17.07.2023;79,599998;79,599998;78;78;78;148;PKTM
18.07.2023;78;79,400002;77,599998;78;78;705;PKTM
19.07.2023;79,599998;80,599998;79;79;79;592;PKTM
20.07.2023;79;79;76,800003;76,800003;76,800003;436;PKTM
21.07.2023;77,800003;78,800003;76,599998;78,800003;78,800003;622;PKTM
24.07.2023;77,599998;77,599998;77,599998;77,599998;77,599998;119;PKTM
25.07.2023;78,400002;78,400002;76,599998;76,599998;76,599998;20;PKTM
26.07.2023;77,599998;78;77,599998;78;78;207;PKTM
27.07.2023;78,599998;82;77;79,199997;79,199997;1365;PKTM
28.07.2023;78,599998;78,800003;77,800003;78,800003;78,800003;86;PKTM
31.07.2023;78,800003;79,599998;78,599998;78,599998;78,599998;209;PKTM
01.08.2023;79,800003;79,800003;79,800003;79,800003;79,800003;71;PKTM
02.08.2023;78,800003;80,400002;78,800003;80,400002;80,400002;935;PKTM
03.08.2023;81;81;79,800003;79,800003;79,800003;328;PKTM
04.08.2023;78,599998;78,800003;77,400002;78,400002;78,400002;348;PKTM
07.08.2023;78,599998;80;78,599998;78,800003;78,800003;681;PKTM
08.08.2023;78,800003;80;78,800003;80;80;290;PKTM
09.08.2023;80;80;78,199997;78,400002;78,400002;412;PKTM
10.08.2023;79,400002;80;79,400002;80;80;42;PKTM
11.08.2023;79,599998;79,599998;78,400002;78,400002;78,400002;118;PKTM
14.08.2023;79,400002;79,400002;79;79;79;157;PKTM
15.08.2023;79,599998;79,599998;77,599998;77,599998;77,599998;98;PKTM
16.08.2023;79;79;78,800003;78,800003;78,800003;79;PKTM
17.08.2023;77,800003;77,800003;77,800003;77,800003;77,800003;33;PKTM
18.08.2023;77,800003;77,800003;75,599998;75,599998;75,599998;124;PKTM
21.08.2023;76,400002;76,400002;75,400002;76,400002;76,400002;487;PKTM
22.08.2023;76,400002;76,400002;76,400002;76,400002;76,400002;0;PKTM
23.08.2023;77,599998;77,599998;77,599998;77,599998;77,599998;47;PKTM
24.08.2023;77,599998;78,199997;77;77,199997;77,199997;818;PKTM
25.08.2023;77,199997;77,199997;77,199997;77,199997;77,199997;0;PKTM
28.08.2023;77,199997;77,199997;75,199997;75,400002;75,400002;380;PKTM
29.08.2023;76;76;74,400002;75,800003;75,800003;622;PKTM
30.08.2023;75,599998;75,599998;74,800003;74,800003;74,800003;1159;PKTM
31.08.2023;74,400002;75,199997;74,400002;75,199997;75,199997;106;PKTM
01.09.2023;76;76,199997;75,199997;76;76;1289;PKTM
04.09.2023;76,599998;76,599998;75,199997;75,800003;75,800003;278;PKTM
05.09.2023;76,800003;76,800003;76,599998;76,599998;76,599998;80;PKTM
06.09.2023;76,800003;76,800003;74,599998;75,400002;75,400002;170;PKTM
07.09.2023;75,800003;75,800003;73,800003;74,400002;74,400002;297;PKTM
08.09.2023;73,400002;73,400002;69,199997;69,199997;69,199997;2684;PKTM
11.09.2023;71,199997;71,599998;68,400002;68,400002;68,400002;1617;PKTM
12.09.2023;69,199997;71;69,199997;71;71;1136;PKTM
13.09.2023;70,800003;71;69,800003;70,800003;70,800003;779;PKTM
14.09.2023;71,400002;71,800003;71,400002;71,800003;71,800003;15;PKTM
15.09.2023;71,400002;72;71;71,800003;71,800003;389;PKTM
18.09.2023;71,400002;71,400002;70,599998;70,800003;70,800003;145;PKTM
19.09.2023;71;71;69,599998;69,599998;69,599998;368;PKTM
20.09.2023;70;70,599998;68,800003;70,599998;70,599998;432;PKTM
21.09.2023;68,800003;68,800003;67;68;68;1910;PKTM
22.09.2023;67,599998;67,599998;65;65,400002;65,400002;1174;PKTM
25.09.2023;65,199997;65,400002;64,199997;64,199997;64,199997;1267;PKTM
26.09.2023;63,799999;65,599998;63,799999;64,599998;64,599998;1374;PKTM
27.09.2023;65,400002;66,199997;64,599998;65;65;370;PKTM
28.09.2023;65;65,599998;64,599998;65,599998;65,599998;728;PKTM
29.09.2023;66;66;63,599998;63,599998;63,599998;1240;PKTM
02.10.2023;64,800003;65,599998;64,400002;65,400002;65,400002;355;PKTM
03.10.2023;65,400002;65,400002;64,599998;64,599998;64,599998;62;PKTM
04.10.2023;64,599998;64,599998;64,599998;64,599998;64,599998;28;PKTM
05.10.2023;64,599998;64,599998;64,599998;64,599998;64,599998;0;PKTM
06.10.2023;64,400002;64,400002;64,199997;64,199997;64,199997;75;PKTM
09.10.2023;64,599998;65;63;63;63;1379;PKTM
10.10.2023;63,400002;64;63,200001;63,200001;63,200001;168;PKTM
11.10.2023;64;64,400002;63,599998;63,599998;63,599998;435;PKTM
12.10.2023;63,599998;64,800003;62,599998;62,599998;62,599998;1312;PKTM
13.10.2023;63,200001;63,200001;61,799999;61,799999;61,799999;409;PKTM
16.10.2023;61,400002;61,400002;61;61,400002;61,400002;1014;PKTM
17.10.2023;61;61,200001;59,400002;60,799999;60,799999;2265;PKTM
18.10.2023;60;60,599998;58,599998;59,200001;59,200001;760;PKTM
19.10.2023;58,799999;58,799999;56,400002;58,400002;58,400002;1291;PKTM
20.10.2023;57,400002;57,799999;56,799999;56,799999;56,799999;930;PKTM
23.10.2023;56,799999;56,799999;54,599998;55,200001;55,200001;1608;PKTM
24.10.2023;54,599998;55,799999;54,599998;55,799999;55,799999;1136;PKTM
25.10.2023;56;56;55;55,799999;55,799999;1175;PKTM
27.10.2023;55,599998;55,799999;54,799999;54,799999;54,799999;403;PKTM
30.10.2023;55,200001;55,200001;54,400002;54,400002;54,400002;531;PKTM
31.10.2023;53,799999;55;53,799999;55;55;783;PKTM
01.11.2023;54,400002;54,599998;53,799999;54,200001;54,200001;620;PKTM
02.11.2023;54,799999;56,799999;54,799999;56;56;3103;PKTM
03.11.2023;56,799999;58;56;56,799999;56,799999;2698;PKTM
06.11.2023;56,400002;58;55,599998;56,799999;56,799999;2408;PKTM
07.11.2023;56,400002;56,400002;54,400002;55,200001;55,200001;1758;PKTM
08.11.2023;55,599998;55,799999;54,799999;55,200001;55,200001;593;PKTM
09.11.2023;55;56,400002;55;56,400002;56,400002;605;PKTM
10.11.2023;56;56,200001;54,799999;56,200001;56,200001;439;PKTM
13.11.2023;55,599998;55,599998;54;55,200001;55,200001;1959;PKTM
14.11.2023;55;57,599998;54,400002;57,599998;57,599998;1808;PKTM
15.11.2023;58,400002;59,200001;58;58,599998;58,599998;1313;PKTM
16.11.2023;58,400002;59,200001;58,400002;59,200001;59,200001;351;PKTM
17.11.2023;57,799999;59,200001;57,799999;59,200001;59,200001;891;PKTM
20.11.2023;59,599998;59,799999;59;59,200001;59,200001;683;PKTM
21.11.2023;59,599998;60;59;59;59;389;PKTM
22.11.2023;59,599998;61,400002;59;61,400002;61,400002;898;PKTM
23.11.2023;60,400002;60,400002;60,200001;60,400002;60,400002;242;PKTM
24.11.2023;59,799999;61,400002;59,799999;61,200001;61,200001;499;PKTM
27.11.2023;61,200001;61,200001;60,599998;60,599998;60,599998;94;PKTM
28.11.2023;60,799999;60,799999;60,200001;60,200001;60,200001;190;PKTM
29.11.2023;60,200001;60,200001;60,200001;60,200001;60,200001;20;PKTM
30.11.2023;60,599998;61,799999;60;61;61;466;PKTM
01.12.2023;61;62;61;61,200001;61,200001;560;PKTM
04.12.2023;62;62,799999;61;62;62;828;PKTM
05.12.2023;61,599998;62;61,400002;61,400002;61,400002;379;PKTM
06.12.2023;60,400002;61,400002;51,799999;54,799999;54,799999;15606;PKTM
07.12.2023;54,200001;54,200001;51,599998;52,799999;52,799999;10071;PKTM
08.12.2023;52,400002;53;51;52,400002;52,400002;4490;PKTM
11.12.2023;51,200001;51,599998;50;50,200001;50,200001;3029;PKTM
12.12.2023;50,200001;51,200001;49;49;49;3628;PKTM
13.12.2023;49;49,200001;47,5;47,5;47,5;3620;PKTM
14.12.2023;47,5;48,900002;47,5;48,599998;48,599998;3885;PKTM
15.12.2023;48,400002;48,400002;46,599998;47,400002;47,400002;4393;PKTM
18.12.2023;47,400002;47,900002;46,099998;47;47;3688;PKTM
19.12.2023;46,5;48,599998;46,400002;48,599998;48,599998;1505;PKTM
20.12.2023;47,900002;47,900002;46,799999;47,099998;47,099998;1857;PKTM
21.12.2023;47,700001;47,700001;47,299999;47,299999;47,299999;827;PKTM
22.12.2023;47,299999;47,900002;47,299999;47,5;47,5;1185;PKTM
27.12.2023;47,5;48,5;47,5;47,900002;47,900002;3228;PKTM
28.12.2023;47,799999;48,799999;47,799999;48,099998;48,099998;839;PKTM
29.12.2023;48,700001;49,799999;48,700001;49,700001;49,700001;2850;PKTM
02.01.2024;51,799999;53;51;52,200001;52,200001;3804;PKTM
03.01.2024;50,200001;50,799999;49,5;50;50;6590;PKTM
04.01.2024;50,599998;50,799999;49,799999;50,599998;50,599998;2448;PKTM
05.01.2024;50,599998;51,200001;50,200001;51,200001;51,200001;2305;PKTM
08.01.2024;51,200001;52;51;52;52;1958;PKTM
09.01.2024;51,400002;51,400002;50,400002;50,799999;50,799999;2746;PKTM
10.01.2024;51,799999;53;51,200001;52,400002;52,400002;4175;PKTM
11.01.2024;52,599998;52,599998;51,200001;52,400002;52,400002;933;PKTM
12.01.2024;52;53;52;53;53;696;PKTM
15.01.2024;52,799999;52,799999;51,599998;52,599998;52,599998;2008;PKTM
16.01.2024;52;52,400002;52;52;52;446;PKTM
17.01.2024;52;52;50,799999;51,400002;51,400002;908;PKTM
18.01.2024;50,799999;51;50;50,200001;50,200001;1376;PKTM
19.01.2024;50;50;49;50;50;756;PKTM
22.01.2024;50;50,200001;49;49;49;949;PKTM
23.01.2024;48,599998;49,599998;48,599998;49,599998;49,599998;1086;PKTM
24.01.2024;49,700001;49,799999;49;49,799999;49,799999;792;PKTM
25.01.2024;49,700001;49,799999;49,5;49,5;49,5;236;PKTM
26.01.2024;50,599998;50,799999;50;50,200001;50,200001;1085;PKTM
29.01.2024;50,200001;50,200001;49;50;50;3450;PKTM
30.01.2024;49,400002;50;49,400002;49,599998;49,599998;303;PKTM
31.01.2024;50;50;47,599998;50;50;5207;PKTM
01.02.2024;50;50;48,799999;48,900002;48,900002;1416;PKTM
02.02.2024;49,400002;49,5;48,5;49;49;571;PKTM
05.02.2024;49,5;50,799999;49,5;50,599998;50,599998;1601;PKTM
06.02.2024;50;52,799999;50;52,799999;52,799999;1688;PKTM
07.02.2024;52,200001;53;52,200001;53;53;3582;PKTM
08.02.2024;53;53,200001;51,799999;51,799999;51,799999;1534;PKTM
09.02.2024;52,200001;53,400002;51,599998;53;53;2126;PKTM
12.02.2024;53,599998;53,599998;51,400002;51,799999;51,799999;1458;PKTM
13.02.2024;52,400002;52,599998;51,599998;51,599998;51,599998;794;PKTM
14.02.2024;51,799999;51,799999;50;51,400002;51,400002;503;PKTM
15.02.2024;51;51;48,599998;49,700001;49,700001;4858;PKTM
16.02.2024;49,099998;49,5;48,400002;48,700001;48,700001;2182;PKTM
19.02.2024;48,700001;49;47,900002;49;49;1868;PKTM
20.02.2024;48,599998;48,900002;48,200001;48,900002;48,900002;818;PKTM
21.02.2024;48,799999;48,900002;48;48,900002;48,900002;574;PKTM
22.02.2024;48,400002;48,400002;47,5;47,599998;47,599998;3456;PKTM
23.02.2024;47,900002;48;47,400002;47,799999;47,799999;612;PKTM
26.02.2024;47,5;47,799999;47,200001;47,799999;47,799999;574;PKTM
27.02.2024;47,900002;48;47,299999;48;48;605;PKTM
28.02.2024;48,099998;49,5;47,700001;49,5;49,5;334;PKTM
29.02.2024;48,5;48,5;48,5;48,5;48,5;426;PKTM
01.03.2024;48,700001;49,5;47,599998;47,799999;47,799999;1799;PKTM
